serieId;categoryId;serieName;description;cover;thumbnail;isPublished
5b81de1c-13a9-11ec-932a-87f66c622227;cate1;Sky on the garden;Light Wealthy Awkward Spite Ice Angelic Pleasant Entry Only Bright Far-off Decisive Argument Formal Shock Acrobatic Thing Primary Previous Building Illustrious Reach Interest Park Efficiency Optimistic Boss Present Opportunity Cabinet Beat Lead Velvety Nonstop Forthright High Enraged Flawed Voice Double ;https://nftjapan.s3.ap-southeast-1.amazonaws.com/image/f0c37c95-af79-42d4-bd96-5888181031e8-AriumWeb20x9.004.png;https://nftjapan.s3.ap-southeast-1.amazonaws.com/image/346fa06b-c795-405d-b12c-63b8c21860d7-AriumWeb1x1.028.png;true
6109ae96-13a9-11ec-8e51-2f0f02c3fb9e;cate2;Knock Knock;Light Wealthy Awkward Spite Ice Angelic Pleasant Entry Only Bright Far-off Decisive Argument Formal Shock Acrobatic Thing Primary Previous Building Illustrious Reach Interest Park Efficiency Optimistic Boss Present Opportunity Cabinet Beat Lead Velvety Nonstop Forthright High Enraged Flawed Voice Double ;https://nftjapan.s3.ap-southeast-1.amazonaws.com/image/f0c37c95-af79-42d4-bd96-5888181031e8-AriumWeb20x9.004.png;https://nftjapan.s3.ap-southeast-1.amazonaws.com/image/346fa06b-c795-405d-b12c-63b8c21860d7-AriumWeb1x1.028.png;true
64b4c260-13a9-11ec-a27f-1be8f9616ea4;cate3;Mistery Box;Light Wealthy Awkward Spite Ice Angelic Pleasant Entry Only Bright Far-off Decisive Argument Formal Shock Acrobatic Thing Primary Previous Building Illustrious Reach Interest Park Efficiency Optimistic Boss Present Opportunity Cabinet Beat Lead Velvety Nonstop Forthright High Enraged Flawed Voice Double ;https://nftjapan.s3.ap-southeast-1.amazonaws.com/image/f0c37c95-af79-42d4-bd96-5888181031e8-AriumWeb20x9.004.png;https://nftjapan.s3.ap-southeast-1.amazonaws.com/image/346fa06b-c795-405d-b12c-63b8c21860d7-AriumWeb1x1.028.png;true
677a758a-13a9-11ec-8258-9ba301fcc9b0;cate4;One piece;Light Wealthy Awkward Spite Ice Angelic Pleasant Entry Only Bright Far-off Decisive Argument Formal Shock Acrobatic Thing Primary Previous Building Illustrious Reach Interest Park Efficiency Optimistic Boss Present Opportunity Cabinet Beat Lead Velvety Nonstop Forthright High Enraged Flawed Voice Double ;https://nftjapan.s3.ap-southeast-1.amazonaws.com/image/f0c37c95-af79-42d4-bd96-5888181031e8-AriumWeb20x9.004.png;https://nftjapan.s3.ap-southeast-1.amazonaws.com/image/346fa06b-c795-405d-b12c-63b8c21860d7-AriumWeb1x1.028.png;true
6a2aa6d8-13a9-11ec-b1af-333af08ab1c1;cate5;Naruto;Light Wealthy Awkward Spite Ice Angelic Pleasant Entry Only Bright Far-off Decisive Argument Formal Shock Acrobatic Thing Primary Previous Building Illustrious Reach Interest Park Efficiency Optimistic Boss Present Opportunity Cabinet Beat Lead Velvety Nonstop Forthright High Enraged Flawed Voice Double ;https://nftjapan.s3.ap-southeast-1.amazonaws.com/image/f0c37c95-af79-42d4-bd96-5888181031e8-AriumWeb20x9.004.png;https://nftjapan.s3.ap-southeast-1.amazonaws.com/image/346fa06b-c795-405d-b12c-63b8c21860d7-AriumWeb1x1.028.png;true
6cd6126e-13a9-11ec-96e1-d7dbfdc2d0f5;cate6;Bleach;Light Wealthy Awkward Spite Ice Angelic Pleasant Entry Only Bright Far-off Decisive Argument Formal Shock Acrobatic Thing Primary Previous Building Illustrious Reach Interest Park Efficiency Optimistic Boss Present Opportunity Cabinet Beat Lead Velvety Nonstop Forthright High Enraged Flawed Voice Double ;https://nftjapan.s3.ap-southeast-1.amazonaws.com/image/f0c37c95-af79-42d4-bd96-5888181031e8-AriumWeb20x9.004.png;https://nftjapan.s3.ap-southeast-1.amazonaws.com/image/346fa06b-c795-405d-b12c-63b8c21860d7-AriumWeb1x1.028.png;true
9f1f5f20-13e3-11ec-88cf-3865926fad55;cate4;Lenova season 1;Flustered Chart Bank Top Volume Possible Granular Grumpy Alarming Ideal Male Flower Regret Dimension Jumpy Ordinary Level Sock Jubilant Ornery Favorable Tremendous Clothes Genuine Produce Dimwitted Maintenance Pointed Secretary Cultured Milk Plane Husky Plastic ;https://nftjapan.s3.ap-southeast-1.amazonaws.com/image/7a688421-b94a-48ad-9431-ae618a13cd40-AriumWeb20x9.002.png;https://nftjapan.s3.ap-southeast-1.amazonaws.com/image/346fa06b-c795-405d-b12c-63b8c21860d7-AriumWeb1x1.028.png;false
eb9d5270-13e4-11ec-8cca-796dbae5a572;cate5;The dark season 15;Flustered Chart Bank Top Volume Possible Granular Grumpy Alarming Ideal Male Flower Regret Dimension Jumpy Ordinary Level Sock Jubilant Ornery Favorable Tremendous Clothes Genuine Produce Dimwitted Maintenance Pointed Secretary Cultured Milk Plane Husky Plastic ;https://nftjapan.s3.ap-southeast-1.amazonaws.com/image/7a688421-b94a-48ad-9431-ae618a13cd40-AriumWeb20x9.002.png;https://nftjapan.s3.ap-southeast-1.amazonaws.com/image/346fa06b-c795-405d-b12c-63b8c21860d7-AriumWeb1x1.028.png;false
eb9d5270-13e4-11ec-8c92-040ebc997500;cate2;Pocker season 16;Flustered Chart Bank Top Volume Possible Granular Grumpy Alarming Ideal Male Flower Regret Dimension Jumpy Ordinary Level Sock Jubilant Ornery Favorable Tremendous Clothes Genuine Produce Dimwitted Maintenance Pointed Secretary Cultured Milk Plane Husky Plastic ;https://nftjapan.s3.ap-southeast-1.amazonaws.com/image/7a688421-b94a-48ad-9431-ae618a13cd40-AriumWeb20x9.002.png;https://nftjapan.s3.ap-southeast-1.amazonaws.com/image/45ed8c91-c904-4c35-b57e-1e15a4dfa883-AriumWeb1x1.003.png;false
eb9d5270-13e4-11ec-824f-135ded51b96c;cate3;Darknight season 0;Flustered Chart Bank Top Volume Possible Granular Grumpy Alarming Ideal Male Flower Regret Dimension Jumpy Ordinary Level Sock Jubilant Ornery Favorable Tremendous Clothes Genuine Produce Dimwitted Maintenance Pointed Secretary Cultured Milk Plane Husky Plastic ;https://nftjapan.s3.ap-southeast-1.amazonaws.com/image/f0c37c95-af79-42d4-bd96-5888181031e8-AriumWeb20x9.004.png;https://nftjapan.s3.ap-southeast-1.amazonaws.com/image/45ed8c91-c904-4c35-b57e-1e15a4dfa883-AriumWeb1x1.003.png;false
eb9d5270-13e4-11ec-8ab7-f22fa35b131d;cate4;Mister Babadine season 3;Flustered Chart Bank Top Volume Possible Granular Grumpy Alarming Ideal Male Flower Regret Dimension Jumpy Ordinary Level Sock Jubilant Ornery Favorable Tremendous Clothes Genuine Produce Dimwitted Maintenance Pointed Secretary Cultured Milk Plane Husky Plastic ;https://nftjapan.s3.ap-southeast-1.amazonaws.com/image/f0c37c95-af79-42d4-bd96-5888181031e8-AriumWeb20x9.004.png;https://nftjapan.s3.ap-southeast-1.amazonaws.com/image/17a0393f-bbff-494a-bb7d-e32f36413ced-AriumWeb1x1.031.png;false
eb9d5270-13e4-11ec-81a7-4ce1fd7fbf7d;cate4;Lenova season 16;Flustered Chart Bank Top Volume Possible Granular Grumpy Alarming Ideal Male Flower Regret Dimension Jumpy Ordinary Level Sock Jubilant Ornery Favorable Tremendous Clothes Genuine Produce Dimwitted Maintenance Pointed Secretary Cultured Milk Plane Husky Plastic ;https://nftjapan.s3.ap-southeast-1.amazonaws.com/image/e84c4301-3e79-4813-ae80-4611552b4304-AriumWeb20x9.003.png;https://nftjapan.s3.ap-southeast-1.amazonaws.com/image/45ed8c91-c904-4c35-b57e-1e15a4dfa883-AriumWeb1x1.003.png;false
eb9d5270-13e4-11ec-8e4c-6c7d204c722c;cate6;Justify season 0;Flustered Chart Bank Top Volume Possible Granular Grumpy Alarming Ideal Male Flower Regret Dimension Jumpy Ordinary Level Sock Jubilant Ornery Favorable Tremendous Clothes Genuine Produce Dimwitted Maintenance Pointed Secretary Cultured Milk Plane Husky Plastic ;https://nftjapan.s3.ap-southeast-1.amazonaws.com/image/e84c4301-3e79-4813-ae80-4611552b4304-AriumWeb20x9.003.png;https://nftjapan.s3.ap-southeast-1.amazonaws.com/image/7fa5fc19-e318-4c92-9478-1fc566b92e23-AriumWeb1x1.015.png;false
eb9d5270-13e4-11ec-8100-a470996a3e14;cate1;Justify season 20;Flustered Chart Bank Top Volume Possible Granular Grumpy Alarming Ideal Male Flower Regret Dimension Jumpy Ordinary Level Sock Jubilant Ornery Favorable Tremendous Clothes Genuine Produce Dimwitted Maintenance Pointed Secretary Cultured Milk Plane Husky Plastic ;https://nftjapan.s3.ap-southeast-1.amazonaws.com/image/7a688421-b94a-48ad-9431-ae618a13cd40-AriumWeb20x9.002.png;https://nftjapan.s3.ap-southeast-1.amazonaws.com/image/346fa06b-c795-405d-b12c-63b8c21860d7-AriumWeb1x1.028.png;false
eb9d5270-13e4-11ec-8349-6f939b39a796;cate2;Penhouse season 6;Flustered Chart Bank Top Volume Possible Granular Grumpy Alarming Ideal Male Flower Regret Dimension Jumpy Ordinary Level Sock Jubilant Ornery Favorable Tremendous Clothes Genuine Produce Dimwitted Maintenance Pointed Secretary Cultured Milk Plane Husky Plastic ;https://nftjapan.s3.ap-southeast-1.amazonaws.com/image/f0c37c95-af79-42d4-bd96-5888181031e8-AriumWeb20x9.004.png;https://nftjapan.s3.ap-southeast-1.amazonaws.com/image/45ed8c91-c904-4c35-b57e-1e15a4dfa883-AriumWeb1x1.003.png;false
eb9d5270-13e4-11ec-80f5-094fed0129da;cate2;Justify season 16;Flustered Chart Bank Top Volume Possible Granular Grumpy Alarming Ideal Male Flower Regret Dimension Jumpy Ordinary Level Sock Jubilant Ornery Favorable Tremendous Clothes Genuine Produce Dimwitted Maintenance Pointed Secretary Cultured Milk Plane Husky Plastic ;https://nftjapan.s3.ap-southeast-1.amazonaws.com/image/e84c4301-3e79-4813-ae80-4611552b4304-AriumWeb20x9.003.png;https://nftjapan.s3.ap-southeast-1.amazonaws.com/image/45ed8c91-c904-4c35-b57e-1e15a4dfa883-AriumWeb1x1.003.png;false
eb9d5270-13e4-11ec-8368-863e7e01871e;cate1;On the sky season 10;Flustered Chart Bank Top Volume Possible Granular Grumpy Alarming Ideal Male Flower Regret Dimension Jumpy Ordinary Level Sock Jubilant Ornery Favorable Tremendous Clothes Genuine Produce Dimwitted Maintenance Pointed Secretary Cultured Milk Plane Husky Plastic ;https://nftjapan.s3.ap-southeast-1.amazonaws.com/image/7a688421-b94a-48ad-9431-ae618a13cd40-AriumWeb20x9.002.png;https://nftjapan.s3.ap-southeast-1.amazonaws.com/image/7fa5fc19-e318-4c92-9478-1fc566b92e23-AriumWeb1x1.015.png;false
eb9d5270-13e4-11ec-8b55-8ea2548bd8c5;cate2;Pocker season 9;Flustered Chart Bank Top Volume Possible Granular Grumpy Alarming Ideal Male Flower Regret Dimension Jumpy Ordinary Level Sock Jubilant Ornery Favorable Tremendous Clothes Genuine Produce Dimwitted Maintenance Pointed Secretary Cultured Milk Plane Husky Plastic ;https://nftjapan.s3.ap-southeast-1.amazonaws.com/image/e84c4301-3e79-4813-ae80-4611552b4304-AriumWeb20x9.003.png;https://nftjapan.s3.ap-southeast-1.amazonaws.com/image/17a0393f-bbff-494a-bb7d-e32f36413ced-AriumWeb1x1.031.png;false
eb9d5270-13e4-11ec-845b-1ccaf18d34f4;cate4;Darknight season 7;Flustered Chart Bank Top Volume Possible Granular Grumpy Alarming Ideal Male Flower Regret Dimension Jumpy Ordinary Level Sock Jubilant Ornery Favorable Tremendous Clothes Genuine Produce Dimwitted Maintenance Pointed Secretary Cultured Milk Plane Husky Plastic ;https://nftjapan.s3.ap-southeast-1.amazonaws.com/image/7a688421-b94a-48ad-9431-ae618a13cd40-AriumWeb20x9.002.png;https://nftjapan.s3.ap-southeast-1.amazonaws.com/image/17a0393f-bbff-494a-bb7d-e32f36413ced-AriumWeb1x1.031.png;false
eb9d5270-13e4-11ec-8608-a5fea7095d04;cate5;Light on season 2;Flustered Chart Bank Top Volume Possible Granular Grumpy Alarming Ideal Male Flower Regret Dimension Jumpy Ordinary Level Sock Jubilant Ornery Favorable Tremendous Clothes Genuine Produce Dimwitted Maintenance Pointed Secretary Cultured Milk Plane Husky Plastic ;https://nftjapan.s3.ap-southeast-1.amazonaws.com/image/7a688421-b94a-48ad-9431-ae618a13cd40-AriumWeb20x9.002.png;https://nftjapan.s3.ap-southeast-1.amazonaws.com/image/17a0393f-bbff-494a-bb7d-e32f36413ced-AriumWeb1x1.031.png;false
eb9d5270-13e4-11ec-81c4-4367ec2b88fc;cate6;Teddy on the box season 20;Flustered Chart Bank Top Volume Possible Granular Grumpy Alarming Ideal Male Flower Regret Dimension Jumpy Ordinary Level Sock Jubilant Ornery Favorable Tremendous Clothes Genuine Produce Dimwitted Maintenance Pointed Secretary Cultured Milk Plane Husky Plastic ;https://nftjapan.s3.ap-southeast-1.amazonaws.com/image/f0c37c95-af79-42d4-bd96-5888181031e8-AriumWeb20x9.004.png;https://nftjapan.s3.ap-southeast-1.amazonaws.com/image/45ed8c91-c904-4c35-b57e-1e15a4dfa883-AriumWeb1x1.003.png;false
eb9d5270-13e4-11ec-849c-bc3ddc610491;cate1;Mister Babadine season 19;Flustered Chart Bank Top Volume Possible Granular Grumpy Alarming Ideal Male Flower Regret Dimension Jumpy Ordinary Level Sock Jubilant Ornery Favorable Tremendous Clothes Genuine Produce Dimwitted Maintenance Pointed Secretary Cultured Milk Plane Husky Plastic ;https://nftjapan.s3.ap-southeast-1.amazonaws.com/image/e84c4301-3e79-4813-ae80-4611552b4304-AriumWeb20x9.003.png;https://nftjapan.s3.ap-southeast-1.amazonaws.com/image/7fa5fc19-e318-4c92-9478-1fc566b92e23-AriumWeb1x1.015.png;false
eb9d5270-13e4-11ec-89c6-9b542013a374;cate3;Pocker season 3;Flustered Chart Bank Top Volume Possible Granular Grumpy Alarming Ideal Male Flower Regret Dimension Jumpy Ordinary Level Sock Jubilant Ornery Favorable Tremendous Clothes Genuine Produce Dimwitted Maintenance Pointed Secretary Cultured Milk Plane Husky Plastic ;https://nftjapan.s3.ap-southeast-1.amazonaws.com/image/7a688421-b94a-48ad-9431-ae618a13cd40-AriumWeb20x9.002.png;https://nftjapan.s3.ap-southeast-1.amazonaws.com/image/7fa5fc19-e318-4c92-9478-1fc566b92e23-AriumWeb1x1.015.png;false
eb9d5270-13e4-11ec-8c52-eb5eec1f927f;cate3;Pocker season 9;Flustered Chart Bank Top Volume Possible Granular Grumpy Alarming Ideal Male Flower Regret Dimension Jumpy Ordinary Level Sock Jubilant Ornery Favorable Tremendous Clothes Genuine Produce Dimwitted Maintenance Pointed Secretary Cultured Milk Plane Husky Plastic ;https://nftjapan.s3.ap-southeast-1.amazonaws.com/image/e84c4301-3e79-4813-ae80-4611552b4304-AriumWeb20x9.003.png;https://nftjapan.s3.ap-southeast-1.amazonaws.com/image/45ed8c91-c904-4c35-b57e-1e15a4dfa883-AriumWeb1x1.003.png;false
eb9d5270-13e4-11ec-8822-cb1c854d9280;cate1;Donkihote and the knight of Kingdom season 17;Flustered Chart Bank Top Volume Possible Granular Grumpy Alarming Ideal Male Flower Regret Dimension Jumpy Ordinary Level Sock Jubilant Ornery Favorable Tremendous Clothes Genuine Produce Dimwitted Maintenance Pointed Secretary Cultured Milk Plane Husky Plastic ;https://nftjapan.s3.ap-southeast-1.amazonaws.com/image/f0c37c95-af79-42d4-bd96-5888181031e8-AriumWeb20x9.004.png;https://nftjapan.s3.ap-southeast-1.amazonaws.com/image/45ed8c91-c904-4c35-b57e-1e15a4dfa883-AriumWeb1x1.003.png;false
eb9d5270-13e4-11ec-8a83-d8a888488590;cate5;Under the sea season 0;Flustered Chart Bank Top Volume Possible Granular Grumpy Alarming Ideal Male Flower Regret Dimension Jumpy Ordinary Level Sock Jubilant Ornery Favorable Tremendous Clothes Genuine Produce Dimwitted Maintenance Pointed Secretary Cultured Milk Plane Husky Plastic ;https://nftjapan.s3.ap-southeast-1.amazonaws.com/image/7a688421-b94a-48ad-9431-ae618a13cd40-AriumWeb20x9.002.png;https://nftjapan.s3.ap-southeast-1.amazonaws.com/image/45ed8c91-c904-4c35-b57e-1e15a4dfa883-AriumWeb1x1.003.png;false
eb9d5270-13e4-11ec-8b2e-507c15e37cf5;cate2;Jumanji season 11;Flustered Chart Bank Top Volume Possible Granular Grumpy Alarming Ideal Male Flower Regret Dimension Jumpy Ordinary Level Sock Jubilant Ornery Favorable Tremendous Clothes Genuine Produce Dimwitted Maintenance Pointed Secretary Cultured Milk Plane Husky Plastic ;https://nftjapan.s3.ap-southeast-1.amazonaws.com/image/7a688421-b94a-48ad-9431-ae618a13cd40-AriumWeb20x9.002.png;https://nftjapan.s3.ap-southeast-1.amazonaws.com/image/7fa5fc19-e318-4c92-9478-1fc566b92e23-AriumWeb1x1.015.png;false
eb9d5270-13e4-11ec-8f07-8d96feec8c5e;cate6;Justify season 9;Flustered Chart Bank Top Volume Possible Granular Grumpy Alarming Ideal Male Flower Regret Dimension Jumpy Ordinary Level Sock Jubilant Ornery Favorable Tremendous Clothes Genuine Produce Dimwitted Maintenance Pointed Secretary Cultured Milk Plane Husky Plastic ;https://nftjapan.s3.ap-southeast-1.amazonaws.com/image/7a688421-b94a-48ad-9431-ae618a13cd40-AriumWeb20x9.002.png;https://nftjapan.s3.ap-southeast-1.amazonaws.com/image/17a0393f-bbff-494a-bb7d-e32f36413ced-AriumWeb1x1.031.png;false
eb9d5270-13e4-11ec-8f5f-026463830066;cate3;Penhouse season 1;Flustered Chart Bank Top Volume Possible Granular Grumpy Alarming Ideal Male Flower Regret Dimension Jumpy Ordinary Level Sock Jubilant Ornery Favorable Tremendous Clothes Genuine Produce Dimwitted Maintenance Pointed Secretary Cultured Milk Plane Husky Plastic ;https://nftjapan.s3.ap-southeast-1.amazonaws.com/image/7a688421-b94a-48ad-9431-ae618a13cd40-AriumWeb20x9.002.png;https://nftjapan.s3.ap-southeast-1.amazonaws.com/image/45ed8c91-c904-4c35-b57e-1e15a4dfa883-AriumWeb1x1.003.png;false
eb9d5270-13e4-11ec-8d3b-0a30644a33a5;cate1;Jumanji season 5;Flustered Chart Bank Top Volume Possible Granular Grumpy Alarming Ideal Male Flower Regret Dimension Jumpy Ordinary Level Sock Jubilant Ornery Favorable Tremendous Clothes Genuine Produce Dimwitted Maintenance Pointed Secretary Cultured Milk Plane Husky Plastic ;https://nftjapan.s3.ap-southeast-1.amazonaws.com/image/f0c37c95-af79-42d4-bd96-5888181031e8-AriumWeb20x9.004.png;https://nftjapan.s3.ap-southeast-1.amazonaws.com/image/346fa06b-c795-405d-b12c-63b8c21860d7-AriumWeb1x1.028.png;false
eb9d5270-13e4-11ec-8317-39df94f67f45;cate2;Under the sea season 3;Flustered Chart Bank Top Volume Possible Granular Grumpy Alarming Ideal Male Flower Regret Dimension Jumpy Ordinary Level Sock Jubilant Ornery Favorable Tremendous Clothes Genuine Produce Dimwitted Maintenance Pointed Secretary Cultured Milk Plane Husky Plastic ;https://nftjapan.s3.ap-southeast-1.amazonaws.com/image/7a688421-b94a-48ad-9431-ae618a13cd40-AriumWeb20x9.002.png;https://nftjapan.s3.ap-southeast-1.amazonaws.com/image/346fa06b-c795-405d-b12c-63b8c21860d7-AriumWeb1x1.028.png;false
eb9d5270-13e4-11ec-8e82-8c580670dac8;cate4;Light on season 18;Flustered Chart Bank Top Volume Possible Granular Grumpy Alarming Ideal Male Flower Regret Dimension Jumpy Ordinary Level Sock Jubilant Ornery Favorable Tremendous Clothes Genuine Produce Dimwitted Maintenance Pointed Secretary Cultured Milk Plane Husky Plastic ;https://nftjapan.s3.ap-southeast-1.amazonaws.com/image/f0c37c95-af79-42d4-bd96-5888181031e8-AriumWeb20x9.004.png;https://nftjapan.s3.ap-southeast-1.amazonaws.com/image/346fa06b-c795-405d-b12c-63b8c21860d7-AriumWeb1x1.028.png;false
eb9d5270-13e4-11ec-840b-93f9b9ce0a72;cate5;Destroyer season 17;Flustered Chart Bank Top Volume Possible Granular Grumpy Alarming Ideal Male Flower Regret Dimension Jumpy Ordinary Level Sock Jubilant Ornery Favorable Tremendous Clothes Genuine Produce Dimwitted Maintenance Pointed Secretary Cultured Milk Plane Husky Plastic ;https://nftjapan.s3.ap-southeast-1.amazonaws.com/image/7a688421-b94a-48ad-9431-ae618a13cd40-AriumWeb20x9.002.png;https://nftjapan.s3.ap-southeast-1.amazonaws.com/image/45ed8c91-c904-4c35-b57e-1e15a4dfa883-AriumWeb1x1.003.png;false
eb9d5270-13e4-11ec-8cbd-6324f57a00dc;cate4;Mister Babadine season 11;Flustered Chart Bank Top Volume Possible Granular Grumpy Alarming Ideal Male Flower Regret Dimension Jumpy Ordinary Level Sock Jubilant Ornery Favorable Tremendous Clothes Genuine Produce Dimwitted Maintenance Pointed Secretary Cultured Milk Plane Husky Plastic ;https://nftjapan.s3.ap-southeast-1.amazonaws.com/image/7a688421-b94a-48ad-9431-ae618a13cd40-AriumWeb20x9.002.png;https://nftjapan.s3.ap-southeast-1.amazonaws.com/image/7fa5fc19-e318-4c92-9478-1fc566b92e23-AriumWeb1x1.015.png;false
eb9d5270-13e4-11ec-8670-ceb837e6699d;cate4;Penhouse season 20;Flustered Chart Bank Top Volume Possible Granular Grumpy Alarming Ideal Male Flower Regret Dimension Jumpy Ordinary Level Sock Jubilant Ornery Favorable Tremendous Clothes Genuine Produce Dimwitted Maintenance Pointed Secretary Cultured Milk Plane Husky Plastic ;https://nftjapan.s3.ap-southeast-1.amazonaws.com/image/f0c37c95-af79-42d4-bd96-5888181031e8-AriumWeb20x9.004.png;https://nftjapan.s3.ap-southeast-1.amazonaws.com/image/17a0393f-bbff-494a-bb7d-e32f36413ced-AriumWeb1x1.031.png;false
eb9d5270-13e4-11ec-8bb7-1320189e98e3;cate2;Darknight season 6;Flustered Chart Bank Top Volume Possible Granular Grumpy Alarming Ideal Male Flower Regret Dimension Jumpy Ordinary Level Sock Jubilant Ornery Favorable Tremendous Clothes Genuine Produce Dimwitted Maintenance Pointed Secretary Cultured Milk Plane Husky Plastic ;https://nftjapan.s3.ap-southeast-1.amazonaws.com/image/f0c37c95-af79-42d4-bd96-5888181031e8-AriumWeb20x9.004.png;https://nftjapan.s3.ap-southeast-1.amazonaws.com/image/45ed8c91-c904-4c35-b57e-1e15a4dfa883-AriumWeb1x1.003.png;false
eb9d5270-13e4-11ec-803f-65d489c8e979;cate1;Penhouse season 3;Flustered Chart Bank Top Volume Possible Granular Grumpy Alarming Ideal Male Flower Regret Dimension Jumpy Ordinary Level Sock Jubilant Ornery Favorable Tremendous Clothes Genuine Produce Dimwitted Maintenance Pointed Secretary Cultured Milk Plane Husky Plastic ;https://nftjapan.s3.ap-southeast-1.amazonaws.com/image/7a688421-b94a-48ad-9431-ae618a13cd40-AriumWeb20x9.002.png;https://nftjapan.s3.ap-southeast-1.amazonaws.com/image/45ed8c91-c904-4c35-b57e-1e15a4dfa883-AriumWeb1x1.003.png;false
eb9d5270-13e4-11ec-8923-351f6db7066b;cate4;On the hill season 0;Flustered Chart Bank Top Volume Possible Granular Grumpy Alarming Ideal Male Flower Regret Dimension Jumpy Ordinary Level Sock Jubilant Ornery Favorable Tremendous Clothes Genuine Produce Dimwitted Maintenance Pointed Secretary Cultured Milk Plane Husky Plastic ;https://nftjapan.s3.ap-southeast-1.amazonaws.com/image/e84c4301-3e79-4813-ae80-4611552b4304-AriumWeb20x9.003.png;https://nftjapan.s3.ap-southeast-1.amazonaws.com/image/346fa06b-c795-405d-b12c-63b8c21860d7-AriumWeb1x1.028.png;false
eb9d5270-13e4-11ec-8291-de0043f28c5b;cate6;Pocker season 2;Flustered Chart Bank Top Volume Possible Granular Grumpy Alarming Ideal Male Flower Regret Dimension Jumpy Ordinary Level Sock Jubilant Ornery Favorable Tremendous Clothes Genuine Produce Dimwitted Maintenance Pointed Secretary Cultured Milk Plane Husky Plastic ;https://nftjapan.s3.ap-southeast-1.amazonaws.com/image/e84c4301-3e79-4813-ae80-4611552b4304-AriumWeb20x9.003.png;https://nftjapan.s3.ap-southeast-1.amazonaws.com/image/346fa06b-c795-405d-b12c-63b8c21860d7-AriumWeb1x1.028.png;false
eb9d5270-13e4-11ec-8db6-b14d060d966a;cate6;Justify season 13;Flustered Chart Bank Top Volume Possible Granular Grumpy Alarming Ideal Male Flower Regret Dimension Jumpy Ordinary Level Sock Jubilant Ornery Favorable Tremendous Clothes Genuine Produce Dimwitted Maintenance Pointed Secretary Cultured Milk Plane Husky Plastic ;https://nftjapan.s3.ap-southeast-1.amazonaws.com/image/f0c37c95-af79-42d4-bd96-5888181031e8-AriumWeb20x9.004.png;https://nftjapan.s3.ap-southeast-1.amazonaws.com/image/346fa06b-c795-405d-b12c-63b8c21860d7-AriumWeb1x1.028.png;false
eb9d5270-13e4-11ec-82c8-6f9a7fb1b61d;cate2;Destroyer season 3;Flustered Chart Bank Top Volume Possible Granular Grumpy Alarming Ideal Male Flower Regret Dimension Jumpy Ordinary Level Sock Jubilant Ornery Favorable Tremendous Clothes Genuine Produce Dimwitted Maintenance Pointed Secretary Cultured Milk Plane Husky Plastic ;https://nftjapan.s3.ap-southeast-1.amazonaws.com/image/f0c37c95-af79-42d4-bd96-5888181031e8-AriumWeb20x9.004.png;https://nftjapan.s3.ap-southeast-1.amazonaws.com/image/45ed8c91-c904-4c35-b57e-1e15a4dfa883-AriumWeb1x1.003.png;false
eb9d5270-13e4-11ec-8da1-10f484787748;cate6;Jumanji season 4;Flustered Chart Bank Top Volume Possible Granular Grumpy Alarming Ideal Male Flower Regret Dimension Jumpy Ordinary Level Sock Jubilant Ornery Favorable Tremendous Clothes Genuine Produce Dimwitted Maintenance Pointed Secretary Cultured Milk Plane Husky Plastic ;https://nftjapan.s3.ap-southeast-1.amazonaws.com/image/7a688421-b94a-48ad-9431-ae618a13cd40-AriumWeb20x9.002.png;https://nftjapan.s3.ap-southeast-1.amazonaws.com/image/346fa06b-c795-405d-b12c-63b8c21860d7-AriumWeb1x1.028.png;false
eb9d5270-13e4-11ec-8f0a-8367d75ca21b;cate5;On the hill season 12;Flustered Chart Bank Top Volume Possible Granular Grumpy Alarming Ideal Male Flower Regret Dimension Jumpy Ordinary Level Sock Jubilant Ornery Favorable Tremendous Clothes Genuine Produce Dimwitted Maintenance Pointed Secretary Cultured Milk Plane Husky Plastic ;https://nftjapan.s3.ap-southeast-1.amazonaws.com/image/7a688421-b94a-48ad-9431-ae618a13cd40-AriumWeb20x9.002.png;https://nftjapan.s3.ap-southeast-1.amazonaws.com/image/346fa06b-c795-405d-b12c-63b8c21860d7-AriumWeb1x1.028.png;false
eb9d5270-13e4-11ec-8bda-4719939bb3a2;cate5;Destroyer season 5;Flustered Chart Bank Top Volume Possible Granular Grumpy Alarming Ideal Male Flower Regret Dimension Jumpy Ordinary Level Sock Jubilant Ornery Favorable Tremendous Clothes Genuine Produce Dimwitted Maintenance Pointed Secretary Cultured Milk Plane Husky Plastic ;https://nftjapan.s3.ap-southeast-1.amazonaws.com/image/7a688421-b94a-48ad-9431-ae618a13cd40-AriumWeb20x9.002.png;https://nftjapan.s3.ap-southeast-1.amazonaws.com/image/45ed8c91-c904-4c35-b57e-1e15a4dfa883-AriumWeb1x1.003.png;false
eb9d5270-13e4-11ec-8830-2604ec6af1d6;cate6;On the sky season 15;Flustered Chart Bank Top Volume Possible Granular Grumpy Alarming Ideal Male Flower Regret Dimension Jumpy Ordinary Level Sock Jubilant Ornery Favorable Tremendous Clothes Genuine Produce Dimwitted Maintenance Pointed Secretary Cultured Milk Plane Husky Plastic ;https://nftjapan.s3.ap-southeast-1.amazonaws.com/image/f0c37c95-af79-42d4-bd96-5888181031e8-AriumWeb20x9.004.png;https://nftjapan.s3.ap-southeast-1.amazonaws.com/image/45ed8c91-c904-4c35-b57e-1e15a4dfa883-AriumWeb1x1.003.png;false
eb9d5270-13e4-11ec-8d4a-b2a528bc6874;cate2;The dark season 18;Flustered Chart Bank Top Volume Possible Granular Grumpy Alarming Ideal Male Flower Regret Dimension Jumpy Ordinary Level Sock Jubilant Ornery Favorable Tremendous Clothes Genuine Produce Dimwitted Maintenance Pointed Secretary Cultured Milk Plane Husky Plastic ;https://nftjapan.s3.ap-southeast-1.amazonaws.com/image/f0c37c95-af79-42d4-bd96-5888181031e8-AriumWeb20x9.004.png;https://nftjapan.s3.ap-southeast-1.amazonaws.com/image/17a0393f-bbff-494a-bb7d-e32f36413ced-AriumWeb1x1.031.png;false
eb9d5270-13e4-11ec-8428-0ec5d1228ebf;cate2;Penhouse season 6;Flustered Chart Bank Top Volume Possible Granular Grumpy Alarming Ideal Male Flower Regret Dimension Jumpy Ordinary Level Sock Jubilant Ornery Favorable Tremendous Clothes Genuine Produce Dimwitted Maintenance Pointed Secretary Cultured Milk Plane Husky Plastic ;https://nftjapan.s3.ap-southeast-1.amazonaws.com/image/7a688421-b94a-48ad-9431-ae618a13cd40-AriumWeb20x9.002.png;https://nftjapan.s3.ap-southeast-1.amazonaws.com/image/17a0393f-bbff-494a-bb7d-e32f36413ced-AriumWeb1x1.031.png;false
eb9d5270-13e4-11ec-88fe-dbdb8081d043;cate1;Lenova season 7;Flustered Chart Bank Top Volume Possible Granular Grumpy Alarming Ideal Male Flower Regret Dimension Jumpy Ordinary Level Sock Jubilant Ornery Favorable Tremendous Clothes Genuine Produce Dimwitted Maintenance Pointed Secretary Cultured Milk Plane Husky Plastic ;https://nftjapan.s3.ap-southeast-1.amazonaws.com/image/e84c4301-3e79-4813-ae80-4611552b4304-AriumWeb20x9.003.png;https://nftjapan.s3.ap-southeast-1.amazonaws.com/image/45ed8c91-c904-4c35-b57e-1e15a4dfa883-AriumWeb1x1.003.png;false
eb9d5270-13e4-11ec-85f7-fee4c965415c;cate4;Donkihote and the knight of Kingdom season 6;Flustered Chart Bank Top Volume Possible Granular Grumpy Alarming Ideal Male Flower Regret Dimension Jumpy Ordinary Level Sock Jubilant Ornery Favorable Tremendous Clothes Genuine Produce Dimwitted Maintenance Pointed Secretary Cultured Milk Plane Husky Plastic ;https://nftjapan.s3.ap-southeast-1.amazonaws.com/image/7a688421-b94a-48ad-9431-ae618a13cd40-AriumWeb20x9.002.png;https://nftjapan.s3.ap-southeast-1.amazonaws.com/image/7fa5fc19-e318-4c92-9478-1fc566b92e23-AriumWeb1x1.015.png;false
eb9d5270-13e4-11ec-8a2c-7bff5f463612;cate2;Lenova season 8;Flustered Chart Bank Top Volume Possible Granular Grumpy Alarming Ideal Male Flower Regret Dimension Jumpy Ordinary Level Sock Jubilant Ornery Favorable Tremendous Clothes Genuine Produce Dimwitted Maintenance Pointed Secretary Cultured Milk Plane Husky Plastic ;https://nftjapan.s3.ap-southeast-1.amazonaws.com/image/e84c4301-3e79-4813-ae80-4611552b4304-AriumWeb20x9.003.png;https://nftjapan.s3.ap-southeast-1.amazonaws.com/image/7fa5fc19-e318-4c92-9478-1fc566b92e23-AriumWeb1x1.015.png;false
eb9d5270-13e4-11ec-85c4-b83b45fb160c;cate1;On the hill season 18;Flustered Chart Bank Top Volume Possible Granular Grumpy Alarming Ideal Male Flower Regret Dimension Jumpy Ordinary Level Sock Jubilant Ornery Favorable Tremendous Clothes Genuine Produce Dimwitted Maintenance Pointed Secretary Cultured Milk Plane Husky Plastic ;https://nftjapan.s3.ap-southeast-1.amazonaws.com/image/f0c37c95-af79-42d4-bd96-5888181031e8-AriumWeb20x9.004.png;https://nftjapan.s3.ap-southeast-1.amazonaws.com/image/17a0393f-bbff-494a-bb7d-e32f36413ced-AriumWeb1x1.031.png;false
eb9d5270-13e4-11ec-8c77-8e787d2dd2f9;cate6;Dragon Wars season 15;Flustered Chart Bank Top Volume Possible Granular Grumpy Alarming Ideal Male Flower Regret Dimension Jumpy Ordinary Level Sock Jubilant Ornery Favorable Tremendous Clothes Genuine Produce Dimwitted Maintenance Pointed Secretary Cultured Milk Plane Husky Plastic ;https://nftjapan.s3.ap-southeast-1.amazonaws.com/image/7a688421-b94a-48ad-9431-ae618a13cd40-AriumWeb20x9.002.png;https://nftjapan.s3.ap-southeast-1.amazonaws.com/image/7fa5fc19-e318-4c92-9478-1fc566b92e23-AriumWeb1x1.015.png;false
eb9d5270-13e4-11ec-8f19-ad1578ed1fb9;cate1;Light on season 0;Flustered Chart Bank Top Volume Possible Granular Grumpy Alarming Ideal Male Flower Regret Dimension Jumpy Ordinary Level Sock Jubilant Ornery Favorable Tremendous Clothes Genuine Produce Dimwitted Maintenance Pointed Secretary Cultured Milk Plane Husky Plastic ;https://nftjapan.s3.ap-southeast-1.amazonaws.com/image/e84c4301-3e79-4813-ae80-4611552b4304-AriumWeb20x9.003.png;https://nftjapan.s3.ap-southeast-1.amazonaws.com/image/7fa5fc19-e318-4c92-9478-1fc566b92e23-AriumWeb1x1.015.png;false
eb9d5270-13e4-11ec-8fe4-3af0ffe6a047;cate5;Darknight season 10;Flustered Chart Bank Top Volume Possible Granular Grumpy Alarming Ideal Male Flower Regret Dimension Jumpy Ordinary Level Sock Jubilant Ornery Favorable Tremendous Clothes Genuine Produce Dimwitted Maintenance Pointed Secretary Cultured Milk Plane Husky Plastic ;https://nftjapan.s3.ap-southeast-1.amazonaws.com/image/e84c4301-3e79-4813-ae80-4611552b4304-AriumWeb20x9.003.png;https://nftjapan.s3.ap-southeast-1.amazonaws.com/image/7fa5fc19-e318-4c92-9478-1fc566b92e23-AriumWeb1x1.015.png;false
eb9d5270-13e4-11ec-8664-4a89636c2e2e;cate6;Destroyer season 8;Flustered Chart Bank Top Volume Possible Granular Grumpy Alarming Ideal Male Flower Regret Dimension Jumpy Ordinary Level Sock Jubilant Ornery Favorable Tremendous Clothes Genuine Produce Dimwitted Maintenance Pointed Secretary Cultured Milk Plane Husky Plastic ;https://nftjapan.s3.ap-southeast-1.amazonaws.com/image/f0c37c95-af79-42d4-bd96-5888181031e8-AriumWeb20x9.004.png;https://nftjapan.s3.ap-southeast-1.amazonaws.com/image/17a0393f-bbff-494a-bb7d-e32f36413ced-AriumWeb1x1.031.png;false
eb9d5270-13e4-11ec-8a52-cb377c6a73e1;cate3;Dragon Wars season 8;Flustered Chart Bank Top Volume Possible Granular Grumpy Alarming Ideal Male Flower Regret Dimension Jumpy Ordinary Level Sock Jubilant Ornery Favorable Tremendous Clothes Genuine Produce Dimwitted Maintenance Pointed Secretary Cultured Milk Plane Husky Plastic ;https://nftjapan.s3.ap-southeast-1.amazonaws.com/image/e84c4301-3e79-4813-ae80-4611552b4304-AriumWeb20x9.003.png;https://nftjapan.s3.ap-southeast-1.amazonaws.com/image/17a0393f-bbff-494a-bb7d-e32f36413ced-AriumWeb1x1.031.png;false
eb9d5270-13e4-11ec-877d-2fbf4dc4ec62;cate5;Light on season 10;Flustered Chart Bank Top Volume Possible Granular Grumpy Alarming Ideal Male Flower Regret Dimension Jumpy Ordinary Level Sock Jubilant Ornery Favorable Tremendous Clothes Genuine Produce Dimwitted Maintenance Pointed Secretary Cultured Milk Plane Husky Plastic ;https://nftjapan.s3.ap-southeast-1.amazonaws.com/image/7a688421-b94a-48ad-9431-ae618a13cd40-AriumWeb20x9.002.png;https://nftjapan.s3.ap-southeast-1.amazonaws.com/image/346fa06b-c795-405d-b12c-63b8c21860d7-AriumWeb1x1.028.png;false
eb9d5270-13e4-11ec-8722-05f894884ceb;cate1;Under the sea season 5;Flustered Chart Bank Top Volume Possible Granular Grumpy Alarming Ideal Male Flower Regret Dimension Jumpy Ordinary Level Sock Jubilant Ornery Favorable Tremendous Clothes Genuine Produce Dimwitted Maintenance Pointed Secretary Cultured Milk Plane Husky Plastic ;https://nftjapan.s3.ap-southeast-1.amazonaws.com/image/f0c37c95-af79-42d4-bd96-5888181031e8-AriumWeb20x9.004.png;https://nftjapan.s3.ap-southeast-1.amazonaws.com/image/17a0393f-bbff-494a-bb7d-e32f36413ced-AriumWeb1x1.031.png;false
eb9d5270-13e4-11ec-8e55-5db32a114f41;cate4;Justify season 6;Flustered Chart Bank Top Volume Possible Granular Grumpy Alarming Ideal Male Flower Regret Dimension Jumpy Ordinary Level Sock Jubilant Ornery Favorable Tremendous Clothes Genuine Produce Dimwitted Maintenance Pointed Secretary Cultured Milk Plane Husky Plastic ;https://nftjapan.s3.ap-southeast-1.amazonaws.com/image/e84c4301-3e79-4813-ae80-4611552b4304-AriumWeb20x9.003.png;https://nftjapan.s3.ap-southeast-1.amazonaws.com/image/7fa5fc19-e318-4c92-9478-1fc566b92e23-AriumWeb1x1.015.png;false
eb9d5270-13e4-11ec-8242-9ec15e043c40;cate4;Teddy on the box season 10;Flustered Chart Bank Top Volume Possible Granular Grumpy Alarming Ideal Male Flower Regret Dimension Jumpy Ordinary Level Sock Jubilant Ornery Favorable Tremendous Clothes Genuine Produce Dimwitted Maintenance Pointed Secretary Cultured Milk Plane Husky Plastic ;https://nftjapan.s3.ap-southeast-1.amazonaws.com/image/7a688421-b94a-48ad-9431-ae618a13cd40-AriumWeb20x9.002.png;https://nftjapan.s3.ap-southeast-1.amazonaws.com/image/7fa5fc19-e318-4c92-9478-1fc566b92e23-AriumWeb1x1.015.png;false
eb9d5270-13e4-11ec-83d8-d4d0de17f59f;cate6;The dark season 11;Flustered Chart Bank Top Volume Possible Granular Grumpy Alarming Ideal Male Flower Regret Dimension Jumpy Ordinary Level Sock Jubilant Ornery Favorable Tremendous Clothes Genuine Produce Dimwitted Maintenance Pointed Secretary Cultured Milk Plane Husky Plastic ;https://nftjapan.s3.ap-southeast-1.amazonaws.com/image/7a688421-b94a-48ad-9431-ae618a13cd40-AriumWeb20x9.002.png;https://nftjapan.s3.ap-southeast-1.amazonaws.com/image/45ed8c91-c904-4c35-b57e-1e15a4dfa883-AriumWeb1x1.003.png;false
eb9d5270-13e4-11ec-8282-8bbb5836ed7a;cate5;Dragon Wars season 13;Flustered Chart Bank Top Volume Possible Granular Grumpy Alarming Ideal Male Flower Regret Dimension Jumpy Ordinary Level Sock Jubilant Ornery Favorable Tremendous Clothes Genuine Produce Dimwitted Maintenance Pointed Secretary Cultured Milk Plane Husky Plastic ;https://nftjapan.s3.ap-southeast-1.amazonaws.com/image/e84c4301-3e79-4813-ae80-4611552b4304-AriumWeb20x9.003.png;https://nftjapan.s3.ap-southeast-1.amazonaws.com/image/17a0393f-bbff-494a-bb7d-e32f36413ced-AriumWeb1x1.031.png;false
eb9d5270-13e4-11ec-82e0-be2e03386e44;cate3;Jumanji season 5;Flustered Chart Bank Top Volume Possible Granular Grumpy Alarming Ideal Male Flower Regret Dimension Jumpy Ordinary Level Sock Jubilant Ornery Favorable Tremendous Clothes Genuine Produce Dimwitted Maintenance Pointed Secretary Cultured Milk Plane Husky Plastic ;https://nftjapan.s3.ap-southeast-1.amazonaws.com/image/f0c37c95-af79-42d4-bd96-5888181031e8-AriumWeb20x9.004.png;https://nftjapan.s3.ap-southeast-1.amazonaws.com/image/45ed8c91-c904-4c35-b57e-1e15a4dfa883-AriumWeb1x1.003.png;false
eb9d5270-13e4-11ec-87b0-8ab6bbcf6930;cate5;Donkihote and the knight of Kingdom season 5;Flustered Chart Bank Top Volume Possible Granular Grumpy Alarming Ideal Male Flower Regret Dimension Jumpy Ordinary Level Sock Jubilant Ornery Favorable Tremendous Clothes Genuine Produce Dimwitted Maintenance Pointed Secretary Cultured Milk Plane Husky Plastic ;https://nftjapan.s3.ap-southeast-1.amazonaws.com/image/7a688421-b94a-48ad-9431-ae618a13cd40-AriumWeb20x9.002.png;https://nftjapan.s3.ap-southeast-1.amazonaws.com/image/45ed8c91-c904-4c35-b57e-1e15a4dfa883-AriumWeb1x1.003.png;false
eb9d5270-13e4-11ec-8c64-0b6f917f709b;cate5;Under the sea season 20;Flustered Chart Bank Top Volume Possible Granular Grumpy Alarming Ideal Male Flower Regret Dimension Jumpy Ordinary Level Sock Jubilant Ornery Favorable Tremendous Clothes Genuine Produce Dimwitted Maintenance Pointed Secretary Cultured Milk Plane Husky Plastic ;https://nftjapan.s3.ap-southeast-1.amazonaws.com/image/f0c37c95-af79-42d4-bd96-5888181031e8-AriumWeb20x9.004.png;https://nftjapan.s3.ap-southeast-1.amazonaws.com/image/17a0393f-bbff-494a-bb7d-e32f36413ced-AriumWeb1x1.031.png;false
eb9d5270-13e4-11ec-8cbe-4206bd74a0b5;cate3;Lenova season 4;Flustered Chart Bank Top Volume Possible Granular Grumpy Alarming Ideal Male Flower Regret Dimension Jumpy Ordinary Level Sock Jubilant Ornery Favorable Tremendous Clothes Genuine Produce Dimwitted Maintenance Pointed Secretary Cultured Milk Plane Husky Plastic ;https://nftjapan.s3.ap-southeast-1.amazonaws.com/image/e84c4301-3e79-4813-ae80-4611552b4304-AriumWeb20x9.003.png;https://nftjapan.s3.ap-southeast-1.amazonaws.com/image/45ed8c91-c904-4c35-b57e-1e15a4dfa883-AriumWeb1x1.003.png;false
eb9d5270-13e4-11ec-8a69-eb2e281c1070;cate3;Mister Babadine season 15;Flustered Chart Bank Top Volume Possible Granular Grumpy Alarming Ideal Male Flower Regret Dimension Jumpy Ordinary Level Sock Jubilant Ornery Favorable Tremendous Clothes Genuine Produce Dimwitted Maintenance Pointed Secretary Cultured Milk Plane Husky Plastic ;https://nftjapan.s3.ap-southeast-1.amazonaws.com/image/f0c37c95-af79-42d4-bd96-5888181031e8-AriumWeb20x9.004.png;https://nftjapan.s3.ap-southeast-1.amazonaws.com/image/45ed8c91-c904-4c35-b57e-1e15a4dfa883-AriumWeb1x1.003.png;false
eb9d5270-13e4-11ec-8ad6-4c77d73894b9;cate1;Jumanji season 0;Flustered Chart Bank Top Volume Possible Granular Grumpy Alarming Ideal Male Flower Regret Dimension Jumpy Ordinary Level Sock Jubilant Ornery Favorable Tremendous Clothes Genuine Produce Dimwitted Maintenance Pointed Secretary Cultured Milk Plane Husky Plastic ;https://nftjapan.s3.ap-southeast-1.amazonaws.com/image/7a688421-b94a-48ad-9431-ae618a13cd40-AriumWeb20x9.002.png;https://nftjapan.s3.ap-southeast-1.amazonaws.com/image/17a0393f-bbff-494a-bb7d-e32f36413ced-AriumWeb1x1.031.png;false
eb9d5270-13e4-11ec-854d-36c24c17f44c;cate5;Jumanji season 11;Flustered Chart Bank Top Volume Possible Granular Grumpy Alarming Ideal Male Flower Regret Dimension Jumpy Ordinary Level Sock Jubilant Ornery Favorable Tremendous Clothes Genuine Produce Dimwitted Maintenance Pointed Secretary Cultured Milk Plane Husky Plastic ;https://nftjapan.s3.ap-southeast-1.amazonaws.com/image/e84c4301-3e79-4813-ae80-4611552b4304-AriumWeb20x9.003.png;https://nftjapan.s3.ap-southeast-1.amazonaws.com/image/7fa5fc19-e318-4c92-9478-1fc566b92e23-AriumWeb1x1.015.png;false
eb9d5270-13e4-11ec-8489-90cfef7b4216;cate1;On the hill season 16;Flustered Chart Bank Top Volume Possible Granular Grumpy Alarming Ideal Male Flower Regret Dimension Jumpy Ordinary Level Sock Jubilant Ornery Favorable Tremendous Clothes Genuine Produce Dimwitted Maintenance Pointed Secretary Cultured Milk Plane Husky Plastic ;https://nftjapan.s3.ap-southeast-1.amazonaws.com/image/7a688421-b94a-48ad-9431-ae618a13cd40-AriumWeb20x9.002.png;https://nftjapan.s3.ap-southeast-1.amazonaws.com/image/45ed8c91-c904-4c35-b57e-1e15a4dfa883-AriumWeb1x1.003.png;false
eb9d5270-13e4-11ec-8621-6b1dcf029b0f;cate6;The dark season 15;Flustered Chart Bank Top Volume Possible Granular Grumpy Alarming Ideal Male Flower Regret Dimension Jumpy Ordinary Level Sock Jubilant Ornery Favorable Tremendous Clothes Genuine Produce Dimwitted Maintenance Pointed Secretary Cultured Milk Plane Husky Plastic ;https://nftjapan.s3.ap-southeast-1.amazonaws.com/image/7a688421-b94a-48ad-9431-ae618a13cd40-AriumWeb20x9.002.png;https://nftjapan.s3.ap-southeast-1.amazonaws.com/image/17a0393f-bbff-494a-bb7d-e32f36413ced-AriumWeb1x1.031.png;false
eb9d5270-13e4-11ec-8a3a-c5198cd43348;cate5;Penhouse season 12;Flustered Chart Bank Top Volume Possible Granular Grumpy Alarming Ideal Male Flower Regret Dimension Jumpy Ordinary Level Sock Jubilant Ornery Favorable Tremendous Clothes Genuine Produce Dimwitted Maintenance Pointed Secretary Cultured Milk Plane Husky Plastic ;https://nftjapan.s3.ap-southeast-1.amazonaws.com/image/e84c4301-3e79-4813-ae80-4611552b4304-AriumWeb20x9.003.png;https://nftjapan.s3.ap-southeast-1.amazonaws.com/image/45ed8c91-c904-4c35-b57e-1e15a4dfa883-AriumWeb1x1.003.png;false
eb9d5270-13e4-11ec-8212-1d33c23ef691;cate5;Under the sea season 17;Flustered Chart Bank Top Volume Possible Granular Grumpy Alarming Ideal Male Flower Regret Dimension Jumpy Ordinary Level Sock Jubilant Ornery Favorable Tremendous Clothes Genuine Produce Dimwitted Maintenance Pointed Secretary Cultured Milk Plane Husky Plastic ;https://nftjapan.s3.ap-southeast-1.amazonaws.com/image/f0c37c95-af79-42d4-bd96-5888181031e8-AriumWeb20x9.004.png;https://nftjapan.s3.ap-southeast-1.amazonaws.com/image/346fa06b-c795-405d-b12c-63b8c21860d7-AriumWeb1x1.028.png;false
eb9d5270-13e4-11ec-8cd4-60ed918b0e11;cate6;Donkihote and the knight of Kingdom season 19;Flustered Chart Bank Top Volume Possible Granular Grumpy Alarming Ideal Male Flower Regret Dimension Jumpy Ordinary Level Sock Jubilant Ornery Favorable Tremendous Clothes Genuine Produce Dimwitted Maintenance Pointed Secretary Cultured Milk Plane Husky Plastic ;https://nftjapan.s3.ap-southeast-1.amazonaws.com/image/f0c37c95-af79-42d4-bd96-5888181031e8-AriumWeb20x9.004.png;https://nftjapan.s3.ap-southeast-1.amazonaws.com/image/7fa5fc19-e318-4c92-9478-1fc566b92e23-AriumWeb1x1.015.png;false
eb9d7980-13e4-11ec-85b6-3f384cdde567;cate3;On the hill season 13;Flustered Chart Bank Top Volume Possible Granular Grumpy Alarming Ideal Male Flower Regret Dimension Jumpy Ordinary Level Sock Jubilant Ornery Favorable Tremendous Clothes Genuine Produce Dimwitted Maintenance Pointed Secretary Cultured Milk Plane Husky Plastic ;https://nftjapan.s3.ap-southeast-1.amazonaws.com/image/7a688421-b94a-48ad-9431-ae618a13cd40-AriumWeb20x9.002.png;https://nftjapan.s3.ap-southeast-1.amazonaws.com/image/17a0393f-bbff-494a-bb7d-e32f36413ced-AriumWeb1x1.031.png;false
eb9d7980-13e4-11ec-8cbf-69bf9e56be86;cate3;Donkihote and the knight of Kingdom season 7;Flustered Chart Bank Top Volume Possible Granular Grumpy Alarming Ideal Male Flower Regret Dimension Jumpy Ordinary Level Sock Jubilant Ornery Favorable Tremendous Clothes Genuine Produce Dimwitted Maintenance Pointed Secretary Cultured Milk Plane Husky Plastic ;https://nftjapan.s3.ap-southeast-1.amazonaws.com/image/e84c4301-3e79-4813-ae80-4611552b4304-AriumWeb20x9.003.png;https://nftjapan.s3.ap-southeast-1.amazonaws.com/image/346fa06b-c795-405d-b12c-63b8c21860d7-AriumWeb1x1.028.png;false
eb9d7980-13e4-11ec-879b-c1a55458fe6e;cate1;Pocker season 3;Flustered Chart Bank Top Volume Possible Granular Grumpy Alarming Ideal Male Flower Regret Dimension Jumpy Ordinary Level Sock Jubilant Ornery Favorable Tremendous Clothes Genuine Produce Dimwitted Maintenance Pointed Secretary Cultured Milk Plane Husky Plastic ;https://nftjapan.s3.ap-southeast-1.amazonaws.com/image/7a688421-b94a-48ad-9431-ae618a13cd40-AriumWeb20x9.002.png;https://nftjapan.s3.ap-southeast-1.amazonaws.com/image/17a0393f-bbff-494a-bb7d-e32f36413ced-AriumWeb1x1.031.png;false
eb9d7980-13e4-11ec-83c7-cc288a40eb83;cate4;Light on season 13;Flustered Chart Bank Top Volume Possible Granular Grumpy Alarming Ideal Male Flower Regret Dimension Jumpy Ordinary Level Sock Jubilant Ornery Favorable Tremendous Clothes Genuine Produce Dimwitted Maintenance Pointed Secretary Cultured Milk Plane Husky Plastic ;https://nftjapan.s3.ap-southeast-1.amazonaws.com/image/7a688421-b94a-48ad-9431-ae618a13cd40-AriumWeb20x9.002.png;https://nftjapan.s3.ap-southeast-1.amazonaws.com/image/346fa06b-c795-405d-b12c-63b8c21860d7-AriumWeb1x1.028.png;false
eb9d7980-13e4-11ec-8626-5bd02554d7bf;cate3;Destroyer season 14;Flustered Chart Bank Top Volume Possible Granular Grumpy Alarming Ideal Male Flower Regret Dimension Jumpy Ordinary Level Sock Jubilant Ornery Favorable Tremendous Clothes Genuine Produce Dimwitted Maintenance Pointed Secretary Cultured Milk Plane Husky Plastic ;https://nftjapan.s3.ap-southeast-1.amazonaws.com/image/7a688421-b94a-48ad-9431-ae618a13cd40-AriumWeb20x9.002.png;https://nftjapan.s3.ap-southeast-1.amazonaws.com/image/346fa06b-c795-405d-b12c-63b8c21860d7-AriumWeb1x1.028.png;false
eb9d7980-13e4-11ec-8c91-975eea6644a4;cate4;Pocker season 16;Flustered Chart Bank Top Volume Possible Granular Grumpy Alarming Ideal Male Flower Regret Dimension Jumpy Ordinary Level Sock Jubilant Ornery Favorable Tremendous Clothes Genuine Produce Dimwitted Maintenance Pointed Secretary Cultured Milk Plane Husky Plastic ;https://nftjapan.s3.ap-southeast-1.amazonaws.com/image/f0c37c95-af79-42d4-bd96-5888181031e8-AriumWeb20x9.004.png;https://nftjapan.s3.ap-southeast-1.amazonaws.com/image/17a0393f-bbff-494a-bb7d-e32f36413ced-AriumWeb1x1.031.png;false
eb9d7980-13e4-11ec-8a86-66ef08fc093b;cate5;Pocker season 0;Flustered Chart Bank Top Volume Possible Granular Grumpy Alarming Ideal Male Flower Regret Dimension Jumpy Ordinary Level Sock Jubilant Ornery Favorable Tremendous Clothes Genuine Produce Dimwitted Maintenance Pointed Secretary Cultured Milk Plane Husky Plastic ;https://nftjapan.s3.ap-southeast-1.amazonaws.com/image/e84c4301-3e79-4813-ae80-4611552b4304-AriumWeb20x9.003.png;https://nftjapan.s3.ap-southeast-1.amazonaws.com/image/346fa06b-c795-405d-b12c-63b8c21860d7-AriumWeb1x1.028.png;false
eb9d7980-13e4-11ec-8310-ad622a74bdf3;cate4;Under the sea season 8;Flustered Chart Bank Top Volume Possible Granular Grumpy Alarming Ideal Male Flower Regret Dimension Jumpy Ordinary Level Sock Jubilant Ornery Favorable Tremendous Clothes Genuine Produce Dimwitted Maintenance Pointed Secretary Cultured Milk Plane Husky Plastic ;https://nftjapan.s3.ap-southeast-1.amazonaws.com/image/7a688421-b94a-48ad-9431-ae618a13cd40-AriumWeb20x9.002.png;https://nftjapan.s3.ap-southeast-1.amazonaws.com/image/17a0393f-bbff-494a-bb7d-e32f36413ced-AriumWeb1x1.031.png;false
eb9d7980-13e4-11ec-8bd7-cbda815849a2;cate3;Darknight season 10;Flustered Chart Bank Top Volume Possible Granular Grumpy Alarming Ideal Male Flower Regret Dimension Jumpy Ordinary Level Sock Jubilant Ornery Favorable Tremendous Clothes Genuine Produce Dimwitted Maintenance Pointed Secretary Cultured Milk Plane Husky Plastic ;https://nftjapan.s3.ap-southeast-1.amazonaws.com/image/7a688421-b94a-48ad-9431-ae618a13cd40-AriumWeb20x9.002.png;https://nftjapan.s3.ap-southeast-1.amazonaws.com/image/346fa06b-c795-405d-b12c-63b8c21860d7-AriumWeb1x1.028.png;false
eb9d7980-13e4-11ec-844c-4d88b66578ca;cate5;Jumanji season 15;Flustered Chart Bank Top Volume Possible Granular Grumpy Alarming Ideal Male Flower Regret Dimension Jumpy Ordinary Level Sock Jubilant Ornery Favorable Tremendous Clothes Genuine Produce Dimwitted Maintenance Pointed Secretary Cultured Milk Plane Husky Plastic ;https://nftjapan.s3.ap-southeast-1.amazonaws.com/image/e84c4301-3e79-4813-ae80-4611552b4304-AriumWeb20x9.003.png;https://nftjapan.s3.ap-southeast-1.amazonaws.com/image/17a0393f-bbff-494a-bb7d-e32f36413ced-AriumWeb1x1.031.png;false
eb9d7980-13e4-11ec-87c8-47bd0c63e391;cate6;Penhouse season 7;Flustered Chart Bank Top Volume Possible Granular Grumpy Alarming Ideal Male Flower Regret Dimension Jumpy Ordinary Level Sock Jubilant Ornery Favorable Tremendous Clothes Genuine Produce Dimwitted Maintenance Pointed Secretary Cultured Milk Plane Husky Plastic ;https://nftjapan.s3.ap-southeast-1.amazonaws.com/image/e84c4301-3e79-4813-ae80-4611552b4304-AriumWeb20x9.003.png;https://nftjapan.s3.ap-southeast-1.amazonaws.com/image/7fa5fc19-e318-4c92-9478-1fc566b92e23-AriumWeb1x1.015.png;false
eb9d7980-13e4-11ec-8bca-b5a2c5a140e4;cate5;Darknight season 7;Flustered Chart Bank Top Volume Possible Granular Grumpy Alarming Ideal Male Flower Regret Dimension Jumpy Ordinary Level Sock Jubilant Ornery Favorable Tremendous Clothes Genuine Produce Dimwitted Maintenance Pointed Secretary Cultured Milk Plane Husky Plastic ;https://nftjapan.s3.ap-southeast-1.amazonaws.com/image/7a688421-b94a-48ad-9431-ae618a13cd40-AriumWeb20x9.002.png;https://nftjapan.s3.ap-southeast-1.amazonaws.com/image/17a0393f-bbff-494a-bb7d-e32f36413ced-AriumWeb1x1.031.png;false
eb9d7980-13e4-11ec-81e2-5463172e00d1;cate2;Dragon Wars season 20;Flustered Chart Bank Top Volume Possible Granular Grumpy Alarming Ideal Male Flower Regret Dimension Jumpy Ordinary Level Sock Jubilant Ornery Favorable Tremendous Clothes Genuine Produce Dimwitted Maintenance Pointed Secretary Cultured Milk Plane Husky Plastic ;https://nftjapan.s3.ap-southeast-1.amazonaws.com/image/f0c37c95-af79-42d4-bd96-5888181031e8-AriumWeb20x9.004.png;https://nftjapan.s3.ap-southeast-1.amazonaws.com/image/17a0393f-bbff-494a-bb7d-e32f36413ced-AriumWeb1x1.031.png;false
eb9d7980-13e4-11ec-8bef-5a3dbd40a8a3;cate1;On the sky season 7;Flustered Chart Bank Top Volume Possible Granular Grumpy Alarming Ideal Male Flower Regret Dimension Jumpy Ordinary Level Sock Jubilant Ornery Favorable Tremendous Clothes Genuine Produce Dimwitted Maintenance Pointed Secretary Cultured Milk Plane Husky Plastic ;https://nftjapan.s3.ap-southeast-1.amazonaws.com/image/e84c4301-3e79-4813-ae80-4611552b4304-AriumWeb20x9.003.png;https://nftjapan.s3.ap-southeast-1.amazonaws.com/image/17a0393f-bbff-494a-bb7d-e32f36413ced-AriumWeb1x1.031.png;false
eb9d7980-13e4-11ec-8f2c-55e0d00d1bdc;cate2;Darknight season 5;Flustered Chart Bank Top Volume Possible Granular Grumpy Alarming Ideal Male Flower Regret Dimension Jumpy Ordinary Level Sock Jubilant Ornery Favorable Tremendous Clothes Genuine Produce Dimwitted Maintenance Pointed Secretary Cultured Milk Plane Husky Plastic ;https://nftjapan.s3.ap-southeast-1.amazonaws.com/image/f0c37c95-af79-42d4-bd96-5888181031e8-AriumWeb20x9.004.png;https://nftjapan.s3.ap-southeast-1.amazonaws.com/image/17a0393f-bbff-494a-bb7d-e32f36413ced-AriumWeb1x1.031.png;false
eb9d7980-13e4-11ec-899d-5b85b73cbc5b;cate2;Jumanji season 10;Flustered Chart Bank Top Volume Possible Granular Grumpy Alarming Ideal Male Flower Regret Dimension Jumpy Ordinary Level Sock Jubilant Ornery Favorable Tremendous Clothes Genuine Produce Dimwitted Maintenance Pointed Secretary Cultured Milk Plane Husky Plastic ;https://nftjapan.s3.ap-southeast-1.amazonaws.com/image/f0c37c95-af79-42d4-bd96-5888181031e8-AriumWeb20x9.004.png;https://nftjapan.s3.ap-southeast-1.amazonaws.com/image/346fa06b-c795-405d-b12c-63b8c21860d7-AriumWeb1x1.028.png;false
eb9d7980-13e4-11ec-833f-755974b48649;cate4;On the sky season 8;Flustered Chart Bank Top Volume Possible Granular Grumpy Alarming Ideal Male Flower Regret Dimension Jumpy Ordinary Level Sock Jubilant Ornery Favorable Tremendous Clothes Genuine Produce Dimwitted Maintenance Pointed Secretary Cultured Milk Plane Husky Plastic ;https://nftjapan.s3.ap-southeast-1.amazonaws.com/image/e84c4301-3e79-4813-ae80-4611552b4304-AriumWeb20x9.003.png;https://nftjapan.s3.ap-southeast-1.amazonaws.com/image/45ed8c91-c904-4c35-b57e-1e15a4dfa883-AriumWeb1x1.003.png;false
eb9d7980-13e4-11ec-8bc8-d0589233dcac;cate5;Light on season 20;Flustered Chart Bank Top Volume Possible Granular Grumpy Alarming Ideal Male Flower Regret Dimension Jumpy Ordinary Level Sock Jubilant Ornery Favorable Tremendous Clothes Genuine Produce Dimwitted Maintenance Pointed Secretary Cultured Milk Plane Husky Plastic ;https://nftjapan.s3.ap-southeast-1.amazonaws.com/image/7a688421-b94a-48ad-9431-ae618a13cd40-AriumWeb20x9.002.png;https://nftjapan.s3.ap-southeast-1.amazonaws.com/image/17a0393f-bbff-494a-bb7d-e32f36413ced-AriumWeb1x1.031.png;false
eb9d7980-13e4-11ec-8c15-9e249d8e7aec;cate5;Dragon Wars season 9;Flustered Chart Bank Top Volume Possible Granular Grumpy Alarming Ideal Male Flower Regret Dimension Jumpy Ordinary Level Sock Jubilant Ornery Favorable Tremendous Clothes Genuine Produce Dimwitted Maintenance Pointed Secretary Cultured Milk Plane Husky Plastic ;https://nftjapan.s3.ap-southeast-1.amazonaws.com/image/f0c37c95-af79-42d4-bd96-5888181031e8-AriumWeb20x9.004.png;https://nftjapan.s3.ap-southeast-1.amazonaws.com/image/17a0393f-bbff-494a-bb7d-e32f36413ced-AriumWeb1x1.031.png;false
eb9d7980-13e4-11ec-8e8f-6a78e698ec0c;cate6;Under the sea season 5;Flustered Chart Bank Top Volume Possible Granular Grumpy Alarming Ideal Male Flower Regret Dimension Jumpy Ordinary Level Sock Jubilant Ornery Favorable Tremendous Clothes Genuine Produce Dimwitted Maintenance Pointed Secretary Cultured Milk Plane Husky Plastic ;https://nftjapan.s3.ap-southeast-1.amazonaws.com/image/f0c37c95-af79-42d4-bd96-5888181031e8-AriumWeb20x9.004.png;https://nftjapan.s3.ap-southeast-1.amazonaws.com/image/45ed8c91-c904-4c35-b57e-1e15a4dfa883-AriumWeb1x1.003.png;false
eb9d7980-13e4-11ec-8b7b-d4d595ab1d5b;cate3;The dark season 4;Flustered Chart Bank Top Volume Possible Granular Grumpy Alarming Ideal Male Flower Regret Dimension Jumpy Ordinary Level Sock Jubilant Ornery Favorable Tremendous Clothes Genuine Produce Dimwitted Maintenance Pointed Secretary Cultured Milk Plane Husky Plastic ;https://nftjapan.s3.ap-southeast-1.amazonaws.com/image/7a688421-b94a-48ad-9431-ae618a13cd40-AriumWeb20x9.002.png;https://nftjapan.s3.ap-southeast-1.amazonaws.com/image/346fa06b-c795-405d-b12c-63b8c21860d7-AriumWeb1x1.028.png;false
eb9d7980-13e4-11ec-8147-7a2edc116fe1;cate5;Teddy on the box season 15;Flustered Chart Bank Top Volume Possible Granular Grumpy Alarming Ideal Male Flower Regret Dimension Jumpy Ordinary Level Sock Jubilant Ornery Favorable Tremendous Clothes Genuine Produce Dimwitted Maintenance Pointed Secretary Cultured Milk Plane Husky Plastic ;https://nftjapan.s3.ap-southeast-1.amazonaws.com/image/e84c4301-3e79-4813-ae80-4611552b4304-AriumWeb20x9.003.png;https://nftjapan.s3.ap-southeast-1.amazonaws.com/image/346fa06b-c795-405d-b12c-63b8c21860d7-AriumWeb1x1.028.png;false
eb9d7980-13e4-11ec-8240-e24a9a9deaca;cate6;Penhouse season 13;Flustered Chart Bank Top Volume Possible Granular Grumpy Alarming Ideal Male Flower Regret Dimension Jumpy Ordinary Level Sock Jubilant Ornery Favorable Tremendous Clothes Genuine Produce Dimwitted Maintenance Pointed Secretary Cultured Milk Plane Husky Plastic ;https://nftjapan.s3.ap-southeast-1.amazonaws.com/image/f0c37c95-af79-42d4-bd96-5888181031e8-AriumWeb20x9.004.png;https://nftjapan.s3.ap-southeast-1.amazonaws.com/image/7fa5fc19-e318-4c92-9478-1fc566b92e23-AriumWeb1x1.015.png;false
eb9d7980-13e4-11ec-84b2-82c7aeaf0883;cate1;Darknight season 13;Flustered Chart Bank Top Volume Possible Granular Grumpy Alarming Ideal Male Flower Regret Dimension Jumpy Ordinary Level Sock Jubilant Ornery Favorable Tremendous Clothes Genuine Produce Dimwitted Maintenance Pointed Secretary Cultured Milk Plane Husky Plastic ;https://nftjapan.s3.ap-southeast-1.amazonaws.com/image/e84c4301-3e79-4813-ae80-4611552b4304-AriumWeb20x9.003.png;https://nftjapan.s3.ap-southeast-1.amazonaws.com/image/7fa5fc19-e318-4c92-9478-1fc566b92e23-AriumWeb1x1.015.png;false
eb9d7980-13e4-11ec-8ae7-028889750b65;cate3;Under the sea season 17;Flustered Chart Bank Top Volume Possible Granular Grumpy Alarming Ideal Male Flower Regret Dimension Jumpy Ordinary Level Sock Jubilant Ornery Favorable Tremendous Clothes Genuine Produce Dimwitted Maintenance Pointed Secretary Cultured Milk Plane Husky Plastic ;https://nftjapan.s3.ap-southeast-1.amazonaws.com/image/e84c4301-3e79-4813-ae80-4611552b4304-AriumWeb20x9.003.png;https://nftjapan.s3.ap-southeast-1.amazonaws.com/image/7fa5fc19-e318-4c92-9478-1fc566b92e23-AriumWeb1x1.015.png;false
eb9d7980-13e4-11ec-8acf-3fcdd9e18b1a;cate3;Pocker season 8;Flustered Chart Bank Top Volume Possible Granular Grumpy Alarming Ideal Male Flower Regret Dimension Jumpy Ordinary Level Sock Jubilant Ornery Favorable Tremendous Clothes Genuine Produce Dimwitted Maintenance Pointed Secretary Cultured Milk Plane Husky Plastic ;https://nftjapan.s3.ap-southeast-1.amazonaws.com/image/7a688421-b94a-48ad-9431-ae618a13cd40-AriumWeb20x9.002.png;https://nftjapan.s3.ap-southeast-1.amazonaws.com/image/17a0393f-bbff-494a-bb7d-e32f36413ced-AriumWeb1x1.031.png;false
eb9d7980-13e4-11ec-882c-b8861c610abf;cate3;Darknight season 5;Flustered Chart Bank Top Volume Possible Granular Grumpy Alarming Ideal Male Flower Regret Dimension Jumpy Ordinary Level Sock Jubilant Ornery Favorable Tremendous Clothes Genuine Produce Dimwitted Maintenance Pointed Secretary Cultured Milk Plane Husky Plastic ;https://nftjapan.s3.ap-southeast-1.amazonaws.com/image/e84c4301-3e79-4813-ae80-4611552b4304-AriumWeb20x9.003.png;https://nftjapan.s3.ap-southeast-1.amazonaws.com/image/17a0393f-bbff-494a-bb7d-e32f36413ced-AriumWeb1x1.031.png;false
eb9d7980-13e4-11ec-8497-2905303997b3;cate4;Penhouse season 7;Flustered Chart Bank Top Volume Possible Granular Grumpy Alarming Ideal Male Flower Regret Dimension Jumpy Ordinary Level Sock Jubilant Ornery Favorable Tremendous Clothes Genuine Produce Dimwitted Maintenance Pointed Secretary Cultured Milk Plane Husky Plastic ;https://nftjapan.s3.ap-southeast-1.amazonaws.com/image/7a688421-b94a-48ad-9431-ae618a13cd40-AriumWeb20x9.002.png;https://nftjapan.s3.ap-southeast-1.amazonaws.com/image/45ed8c91-c904-4c35-b57e-1e15a4dfa883-AriumWeb1x1.003.png;false
eb9d7980-13e4-11ec-86a2-74654e0f9f2d;cate2;Pocker season 4;Flustered Chart Bank Top Volume Possible Granular Grumpy Alarming Ideal Male Flower Regret Dimension Jumpy Ordinary Level Sock Jubilant Ornery Favorable Tremendous Clothes Genuine Produce Dimwitted Maintenance Pointed Secretary Cultured Milk Plane Husky Plastic ;https://nftjapan.s3.ap-southeast-1.amazonaws.com/image/e84c4301-3e79-4813-ae80-4611552b4304-AriumWeb20x9.003.png;https://nftjapan.s3.ap-southeast-1.amazonaws.com/image/17a0393f-bbff-494a-bb7d-e32f36413ced-AriumWeb1x1.031.png;false
eb9d7980-13e4-11ec-896b-f120a4e73855;cate4;Donkihote and the knight of Kingdom season 12;Flustered Chart Bank Top Volume Possible Granular Grumpy Alarming Ideal Male Flower Regret Dimension Jumpy Ordinary Level Sock Jubilant Ornery Favorable Tremendous Clothes Genuine Produce Dimwitted Maintenance Pointed Secretary Cultured Milk Plane Husky Plastic ;https://nftjapan.s3.ap-southeast-1.amazonaws.com/image/7a688421-b94a-48ad-9431-ae618a13cd40-AriumWeb20x9.002.png;https://nftjapan.s3.ap-southeast-1.amazonaws.com/image/17a0393f-bbff-494a-bb7d-e32f36413ced-AriumWeb1x1.031.png;false
eb9d7980-13e4-11ec-8895-416a992ff1d0;cate5;Justify season 18;Flustered Chart Bank Top Volume Possible Granular Grumpy Alarming Ideal Male Flower Regret Dimension Jumpy Ordinary Level Sock Jubilant Ornery Favorable Tremendous Clothes Genuine Produce Dimwitted Maintenance Pointed Secretary Cultured Milk Plane Husky Plastic ;https://nftjapan.s3.ap-southeast-1.amazonaws.com/image/f0c37c95-af79-42d4-bd96-5888181031e8-AriumWeb20x9.004.png;https://nftjapan.s3.ap-southeast-1.amazonaws.com/image/7fa5fc19-e318-4c92-9478-1fc566b92e23-AriumWeb1x1.015.png;false
eb9d7980-13e4-11ec-8fb8-de209e872961;cate2;Light on season 18;Flustered Chart Bank Top Volume Possible Granular Grumpy Alarming Ideal Male Flower Regret Dimension Jumpy Ordinary Level Sock Jubilant Ornery Favorable Tremendous Clothes Genuine Produce Dimwitted Maintenance Pointed Secretary Cultured Milk Plane Husky Plastic ;https://nftjapan.s3.ap-southeast-1.amazonaws.com/image/f0c37c95-af79-42d4-bd96-5888181031e8-AriumWeb20x9.004.png;https://nftjapan.s3.ap-southeast-1.amazonaws.com/image/346fa06b-c795-405d-b12c-63b8c21860d7-AriumWeb1x1.028.png;false
eb9d7980-13e4-11ec-8cec-59a868af55d6;cate3;Justify season 8;Flustered Chart Bank Top Volume Possible Granular Grumpy Alarming Ideal Male Flower Regret Dimension Jumpy Ordinary Level Sock Jubilant Ornery Favorable Tremendous Clothes Genuine Produce Dimwitted Maintenance Pointed Secretary Cultured Milk Plane Husky Plastic ;https://nftjapan.s3.ap-southeast-1.amazonaws.com/image/7a688421-b94a-48ad-9431-ae618a13cd40-AriumWeb20x9.002.png;https://nftjapan.s3.ap-southeast-1.amazonaws.com/image/45ed8c91-c904-4c35-b57e-1e15a4dfa883-AriumWeb1x1.003.png;false